fecha,carpeta,estado,detalle
2026-09-25T14:22:59-04:00,001_2020-03-14_B9tyTxmJk9w,publicado,18075918779427493
2026-09-25T16:13:55-04:00,002_2020-04-14_B-94E9EpMVJ,publicado,18175473184451306
2026-09-25T17:44:12-04:00,003_2020-06-26_CB5WqhcJdZ5,publicado,17909271447501071
2026-09-25T19:10:13-04:00,004_2021-04-27_COLlhUHJdnq,publicado,17948040462318281
2026-09-25T20:36:32-04:00,005_2021-08-04_CSLMTWEIHeF,publicado,18112244825327761
2026-09-25T22:02:33-04:00,006_2021-08-21_CS26mNxgg17,publicado,18368983438212416
2026-09-26T08:03:52-04:00,007_2021-09-03_CTYHq6UJ58R,publicado,18010625324962947
2026-09-26T09:29:27-04:00,018_2022-08-05_Cg4quqNgKg-,publicado,18115774208001778
2026-09-26T11:11:46-04:00,019_2022-08-05_Cg5HDedJzjg,publicado,18051484586659212
2026-09-26T17:15:36-04:00,020_2022-08-22_ChkPSbggRP9,publicado,18113237762046826
2026-09-26T18:41:42-04:00,021_2022-08-26_ChurFcoAdeL,publicado,18028810466907394
2026-09-26T20:07:25-04:00,022_2022-09-23_Ci2tq3LAc7_,publicado,18352769752172005
2026-09-26T21:32:58-04:00,023_2022-09-26_Ci-IkSgA3zj,publicado,18077452817391501
2026-09-26T22:58:40-04:00,024_2022-09-27_CjBo1AVJUWJ,publicado,18129599884707569
2026-09-27T08:04:58-04:00,025_2022-10-03_CjQT_mYA-T1,publicado,17915868993461875
2026-09-27T08:46:22-04:00,026_2022-10-03_CjQVF8Dg_vY,publicado,18064333460612385
2026-09-27T09:27:07-04:00,027_2022-10-06_CjYTFz7ATk5,publicado,18074659196462972
2026-09-27T10:08:32-04:00,028_2022-10-06_CjYTW0uAOc8,publicado,18090303905216784
2026-09-27T10:49:16-04:00,029_2022-10-06_CjYTonbgKRr,publicado,17900491920597625
2026-09-27T11:30:38-04:00,030_2022-10-08_Cjc-9WZAIhO,publicado,18009684179980080
2026-09-27T12:11:12-04:00,031_2022-10-20_Cj8Jw6FAGgg,publicado,18095614772535384
2026-09-27T12:52:13-04:00,032_2022-10-20_Cj8J_LGAbfA,publicado,17929052643412338
2026-09-27T13:34:02-04:00,033_2022-10-21_Cj-46OsAt8i,publicado,18103093250460991
2026-09-27T14:15:07-04:00,040_2022-11-13_Ck62zcFJEfj,publicado,18113617585832768
2026-09-27T14:56:10-04:00,057_2023-01-25_Cn249h7p13S,publicado,18096486869083808
2026-09-27T15:37:01-04:00,071_2023-07-08_CucQq_NAGFf,publicado,18059592131716993
2026-09-27T16:17:34-04:00,072_2023-07-13_CupUcl8gsJS,publicado,18150002761579771
2026-09-27T16:58:57-04:00,074_2023-08-16_CwAQ5BeAhGR,publicado,18462026314138321
2026-09-27T17:39:44-04:00,080_2023-08-19_CwIn1ISpqyA,publicado,18104530048986734
2026-09-27T18:20:18-04:00,081_2023-08-19_CwIo4LEpC2j,publicado,18114250649102554
2026-09-27T19:01:02-04:00,082_2023-08-19_CwI1OG2pUn5,publicado,18093736010403963
2026-09-27T19:41:47-04:00,084_2023-09-09_Cw_YRDgpkni,publicado,18030120824886176
2026-09-27T20:22:25-04:00,086_2023-09-13_CxI4ZkeLwwa,publicado,17864379906676698
2026-09-27T21:03:42-04:00,087_2023-09-13_CxJLCnpJWVO,publicado,18096269474396778
2026-09-28T08:05:26-04:00,089_2023-09-20_CxcHkdIs76D,publicado,18129609940703789
2026-09-28T08:31:11-04:00,091_2023-09-21_CxdMR2vLY0O,publicado,18097015406093407
2026-09-28T08:56:43-04:00,092_2023-09-26_Cxq_XYdJ2BH,publicado,18039793670838765
2026-09-28T09:22:31-04:00,093_2023-09-26_CxrGRPMJNGp,publicado,18135239002644561
2026-09-28T09:48:13-04:00,094_2023-09-29_Cxx1bKsun5b,publicado,18581819107068812
2026-09-28T10:13:57-04:00,095_2023-09-30_Cx0Ksj_uXds,publicado,18129732043684065
2026-09-28T10:40:04-04:00,096_2023-10-04_Cx_goN3JBiW,publicado,18228454753332724
2026-09-28T11:05:50-04:00,099_2023-10-06_CyEHH-TLf-H,publicado,18111315134127183
2026-09-28T11:31:57-04:00,100_2023-10-06_CyFDgpLoYzW,publicado,18114355520468296
2026-09-28T11:57:39-04:00,101_2023-10-21_CyrtXqWIW75,publicado,18188567203404727
2026-09-28T12:24:02-04:00,102_2023-11-22_Cz8gfWsuAiR,publicado,18135271792652597
2026-09-28T12:50:23-04:00,103_2024-04-28_C6UBRmbLPO3,publicado,17939389287364743
2026-09-28T13:15:54-04:00,105_2024-07-19_C9nXOm3JATl,publicado,18095383763640115
2026-09-28T13:41:45-04:00,108_2024-08-13_C-odCRepMee,publicado,18152317606521918
2026-09-28T14:07:27-04:00,109_2024-08-16_C-vcEV-se7G,publicado,17989877031056833
2026-09-28T14:33:43-04:00,111_2024-08-24_C_E4--ooZzc,publicado,18136142398724436
2026-09-28T14:59:28-04:00,114_2024-09-15_C_8fTzzJeIG,publicado,17991729090053540
2026-09-28T15:25:01-04:00,115_2024-09-19_DAGxyc_Jl_d,publicado,18113160527035634
2026-09-28T15:51:26-04:00,118_2024-09-20_DAIwTP0pNGx,publicado,18142699843589407
2026-09-28T16:17:13-04:00,122_2024-09-21_DAMizfpJDbh,publicado,18113247191026091
2026-09-28T16:42:59-04:00,123_2024-09-21_DAMjWStptdI,publicado,18626588857059666
2026-09-28T17:08:34-04:00,124_2024-09-21_DAMjx8npav1,publicado,18067849286787567
